{"accuracy": [0.5916494727134705, 0.8602887988090515, 0.9161818027496338, 0.9407639503479004, 0.9560850858688354, 0.9647343158721924, 0.9716907143592834, 0.9754036664962769, 0.9796144962310791, 0.9827868342399597], "loss": [1.3898369073867798, 0.4425128996372223, 0.25835567712783813, 0.1803336888551712, 0.1368226259946823, 0.10683523863554001, 0.0856478214263916, 0.07426448911428452, 0.06461557745933533, 0.05496889352798462], "val_accuracy": [0.8375256061553955, 0.8987593650817871, 0.9364898800849915, 0.9371727705001831, 0.9510585069656372, 0.9449692964553833, 0.9601638913154602, 0.9606760740280151, 0.965228796005249, 0.9591964483261108], "val_loss": [0.5119338035583496, 0.31901389360427856, 0.19845782220363617, 0.19788211584091187, 0.16003654897212982, 0.1724330484867096, 0.12821821868419647, 0.13873130083084106, 0.11182575672864914, 0.14365945756435394]}